"JSON-LD","*json* *ld*"
"JSON-LD","*ld* *json*"
"schema.org", "*schema.org*"
"Simple Tags","*simple tags*"
"All-Meta-Tags plugin by Space X-Chimp","*all* *x-chimp*"
"Add-Meta-Tags WordPress plugin","*add* *meta* *tags* *wordpress"
"SNIP (Structured Data Plugin) for WordPress","*snip* *structured data plugin*"
"Bing meta tag Site Verification Plugin","*bing meta tag* *verification*"
"Added by Responsive Menu Pro Plugin","*responsive* *menu* *plugin*""
"LayerSlider","*layerslider*"
"SuperPWA - Progressive Web Apps Plugin For WordPress","*superpwa*"
"Project: SIQUANDO Web","*siquando web*"
"Schema plugin","*site* *optimized* *shema plugin*"
"WP Accessibility Helper (WAH)","*wp accessibility helper*"
"WP Rich Snippets","*wp* *rich* *snippets*"
"Textmetrics (formerly webtexttool)","*textmetrics*"
