"Yoast SEO Plugin","*yoast*"
"WPSEO","*wpseo*"
"All In One Seo","*all in one* *seo*"
"SEO Ultimate","*seo* *ultimate*"
"Platinum One SEO Pack","*seo* *platinum*"
"Phil Singleton SEO","*phil* *seo*"
"Commerce SEO","*commerce* *seo*"
"Sprout SEO","*sprout* *seo*"
"Squirrly SEO","*squirrly* *seo*"
"SEOshop Theme Berlin","*seoshop* *berlin*"
"The SEO Framework","*the seo framework*"
"WP Social SEO","*wp social seo*"
"TORO for better SEO","*toro* *seo*"
"oxid2con seo","*oxid2con* *seo*"
"Rank Math WordPress SEO plugin","*rank math* *seo plugin*"
"SEOmatic","*seomatic*"
"CreareSEO","*creareseo*"
"seo_lite","*seo_lite*"
"HeadSpace SEO","*headspace seo*"
"DELUCKS SEO Plugin for WordPress","*delucks* *seo*"
"Mageplaza SEO","*mageplaza* *seo*"
"SEO Manager","*seo manager*"
"SmartCrawl","*smartcrawl*"
"SEO Pagebar","*seo pagebar*"
"Bob Bolt SEO","*bob bolt* *seo*"
"the Perfect SEO Url plugin","*the perfect seo* *plugin*"
"TrustBox widget","*trustbox widget*"
"WP SEO TDK","*wp* *seo* *tdk*"
"SEOPress","*seopress*"
"LuckyWP","*luckywp*"
"Praison SEO WordPress","*praison* *seo*"
"SEO Auto Linker Plugin for WordPress","*seo auto linker*"
"Slim SEO -Fast Automated WordPress SEO Plugin","*slim seo* *plugin*"
"PB SEO Friendly Images","*seo friendly images*"
"Hide SEO Bloat","*hide seo bloat*"
"BoldGrid Easy SEO","*boldgrid easy seo*"
"SEO by 10Web","*seo by 10web*"
"Seo 301 Meta","*seo 301 meta*"
"SEMrush SEO Writing Assistant","*semrush seo*"
"Simple SEO","*simple seo*"
"Premmerce SEO f√ºr WooCommerce","*premmerce* *seo* *woocommerce*"
"SEO Backlink Monitor","*seo backling monitor*"
"FV Simpler SEO", "*fv simpler seo*"
"WordPress Robots.txt optimization","*wordpress robots.txt optimization*"
"WP SEO Redirect 301","*wp seo redirect 301*"
"BAVOKO SEO Tools - All in One WordPress SEO","*bavoka seo tools*"
"Elevate SEO", "*elevate seo*"
"WordPress On-Page SEO","*wordpress* *on-page seo*"
"Pods SEO","*pods seo*"
"WooCommerce SEO","*woocommerce seo*"
"Easy SEO Toolkit","*easy seo toolkit*"
"Image SEO Optimizer","*image seo optimizer*"
"Real Time SEO","*real time seo*"
"Ultimate Bulk SEO","*ultimate bulk seo*"
"Canonical SEO Content Syndication WordPress Plugin","*canonical seo content* *plugin*"
"Swift Performance Lite","*swift performance*"
"Wincher Rank Tracker","*wincher* *tracker*"
"Premium Seo Pack","*premimum seo pack*"
